{
  "version": 44,
  "environments": {
    "Lab-S": {
      "slug": "lab-s",
      "cloud": {
        "path": "lab-s-cloud.ply",
        "framesProcessed": 122,
        "rawSampleCount": 663649,
        "pointCount": 142997,
        "voxelSize": 0.045,
        "minVoxelHits": 2,
        "referenceSession": "robot_10",
        "bounds": {
          "min": [
            -6.912200450897217,
            -1.9627658128738403,
            -6.8512864112854
          ],
          "max": [
            3.663663148880005,
            4.076564788818359,
            4.306967735290527
          ],
          "center": [
            -1.624268651008606,
            1.0568995475769043,
            -1.2721593379974365
          ]
        },
        "bytes": 2145204
      },
      "memory": {
        "path": "lab-s-memory.json",
        "objectCount": 10,
        "bytes": 59770
      },
      "cleanCloud": {
        "path": "lab-s-cloud-clean.ply",
        "pointCount": 129008,
        "sourcePointCount": 142997,
        "bytes": 3483507,
        "filter": "statistical_plus_radius",
        "neighbors": 16,
        "stdRatio": 1.0,
        "radiusNeighbors": 4,
        "radius": 0.09,
        "normalRadius": 0.15,
        "normalNeighbors": 36,
        "pixelStride": 6,
        "voxelSize": 0.045,
        "minVoxelHits": 2
      }
    },
    "Lab-L": {
      "slug": "lab-l",
      "cloud": {
        "path": "lab-l-cloud.ply",
        "framesProcessed": 122,
        "rawSampleCount": 660446,
        "pointCount": 128062,
        "voxelSize": 0.045,
        "minVoxelHits": 2,
        "referenceSession": "robot_10",
        "bounds": {
          "min": [
            -6.040435791015625,
            -2.097133159637451,
            -9.128996849060059
          ],
          "max": [
            8.082942962646484,
            4.408525466918945,
            4.822604656219482
          ],
          "center": [
            1.0212535858154297,
            1.155696153640747,
            -2.153196096420288
          ]
        },
        "bytes": 1921179
      },
      "memory": {
        "path": "lab-l-memory.json",
        "objectCount": 10,
        "bytes": 57873
      },
      "cleanCloud": {
        "path": "lab-l-cloud-clean.ply",
        "pointCount": 260846,
        "sourcePointCount": 296350,
        "bytes": 7043133,
        "filter": "statistical_plus_radius",
        "neighbors": 16,
        "stdRatio": 1.0,
        "radiusNeighbors": 4,
        "radius": 0.09,
        "normalRadius": 0.15,
        "normalNeighbors": 36,
        "pixelStride": 4,
        "voxelSize": 0.035,
        "minVoxelHits": 2,
        "floorConsolidation": {
          "normal": [
            -0.05866936991277014,
            0.9437745685967922,
            0.3253420795162801
          ],
          "planeD": -0.59352707,
          "distanceWindow": [
            -0.12,
            0.14
          ],
          "targetOffset": 0.02628181526821627,
          "inputFloorPoints": 26237,
          "outputFloorPoints": 17347,
          "voxelSize": 0.035
        }
      },
      "denseCloud": {
        "path": "lab-l-cloud-dense.ply",
        "framesProcessed": 122,
        "rawSampleCount": 1491722,
        "pointCount": 296350,
        "voxelSize": 0.035,
        "minVoxelHits": 2,
        "referenceSession": "robot_10",
        "bounds": {
          "min": [
            -6.665151596069336,
            -2.2122650146484375,
            -9.605440139770508
          ],
          "max": [
            8.698043823242188,
            4.49479341506958,
            5.398309707641602
          ],
          "center": [
            1.0164461135864258,
            1.1412642002105713,
            -2.103565216064453
          ]
        },
        "bytes": 4445499
      }
    }
  }
}