{
  "Lab-S": {
    "image": "static-maps/lab-s.webp",
    "center": [
      -2.1793711185455322,
      -1.0562556385993958,
      -0.11411663144826889
    ],
    "right": [
      0.7071067811865476,
      0.0,
      -0.7071067811865476
    ],
    "up": [
      -0.3208153526097836,
      0.8911537572493989,
      -0.3208153526097836
    ],
    "bounds": {
      "min": [
        -3.475162811682287,
        -2.6710302623019087
      ],
      "max": [
        4.688921415735552,
        1.9682240143762462
      ]
    },
    "width": 1600,
    "height": 1000
  },
  "Lab-L": {
    "image": "static-maps/lab-l.webp",
    "center": [
      0.8951180875301361,
      -1.4509342312812805,
      -1.4649398922920227
    ],
    "right": [
      0.7071067811865476,
      0.0,
      -0.7071067811865476
    ],
    "up": [
      -0.3208153526097836,
      0.8911537572493989,
      -0.3208153526097836
    ],
    "bounds": {
      "min": [
        -5.593614680209546,
        -2.8513105074950964
      ],
      "max": [
        6.30480475327837,
        3.68835783636137
      ]
    },
    "width": 1600,
    "height": 1000
  }
}